﻿<?xml version="1.0" encoding="utf-8"?>

<helpItems xmlns="http://msh" schema="maml">

<command:command xmlns:maml="http://schemas.microsoft.com/maml/2004/10" xmlns:command="http://schemas.microsoft.com/maml/dev/command/2004/10" xmlns:dev="http://schemas.microsoft.com/maml/dev/2004/10">
<!--Generated by Help Cmdlet Editor-->
	<command:details>
		<command:name>Format-Volume</command:name>
		<maml:description>
			<maml:para>Formats a virtual disk volume with a file system.</maml:para>
		</maml:description>
		<maml:copyright>
           <maml:para />
		<!--Add copy right info here.-->
		</maml:copyright>
		<command:verb>Format</command:verb>
		<command:noun>Volume</command:noun>
		<!--Add Dev version info here.-->
		<dev:version />
	</command:details>
	<maml:description>
	<!--This is the Description section-->
		<maml:para>The Format-Volume cmdlet creates a new file system on a virtual disk volume (a disk volume is typically a disk partition).

After a volume is formatted, it can be used to store files.</maml:para>
	</maml:description>
	<command:syntax>		<command:syntaxItem>
			<maml:name>Format-Volume</maml:name>
			<command:parameter required = "false" variableLength = "false" globbing = "false" pipelineInput = "true (ByValue)" position = "named" >
				<maml:name>InputObject</maml:name>
				<maml:description>
					<maml:para>An instance of DiscUtils.VolumeInfo, which describes the volume to format.  If this parameter is specified, the Path parameter is ignored.</maml:para>
				</maml:description>
			<command:parameterValue required="true" variableLength = "false" >PSObject</command:parameterValue>
			</command:parameter>
			<command:parameter required = "false" variableLength = "false" globbing = "false" pipelineInput = "false" position = "1" >
				<maml:name>Path</maml:name>
				<maml:description>
					<maml:para>Path to the volume to be formatted.  The parameter is ignored if InputObject is also supplied.</maml:para>
				</maml:description>
			<command:parameterValue required="true" variableLength = "false" >String</command:parameterValue>
			</command:parameter>
			<command:parameter required = "false" variableLength = "false" globbing = "false" pipelineInput = "false" position = "named" >
				<maml:name>Filesystem</maml:name>
				<maml:description>
					<maml:para>The file system to format the volume with, must be 'Ntfs'.</maml:para>
				</maml:description>
			<command:parameterValue required="true" variableLength = "false" >FileSystemType</command:parameterValue>
			</command:parameter>
			<command:parameter required = "false" variableLength = "false" globbing = "false" pipelineInput = "false" position = "named" >
				<maml:name>Label</maml:name>
				<maml:description>
					<maml:para>The display label for the formatted volume.</maml:para>
				</maml:description>
			<command:parameterValue required="true" variableLength = "false" >String</command:parameterValue>
			</command:parameter>
			<command:parameter required = "false" variableLength = "false" globbing = "false" pipelineInput = "false" position = "named" >
				<maml:name>WarningAction</maml:name>
				<maml:description>
					<maml:para></maml:para>
				</maml:description>
			<command:parameterValue required="true" variableLength = "false" >ActionPreference</command:parameterValue>
			</command:parameter>
			<command:parameter required = "false" variableLength = "false" globbing = "false" pipelineInput = "false" position = "named" >
				<maml:name>WarningVariable</maml:name>
				<maml:description>
					<maml:para></maml:para>
				</maml:description>
			<command:parameterValue required="true" variableLength = "false" >String</command:parameterValue>
			</command:parameter>
		</command:syntaxItem>
	</command:syntax>
	<command:parameters>
		<command:parameter required="false" variableLength="false" globbing="false" pipelineInput="true (ByValue)" position="named">
			<maml:name>InputObject</maml:name>
			<maml:description>
				<maml:para>An instance of DiscUtils.VolumeInfo, which describes the volume to format.  If this parameter is specified, the Path parameter is ignored.</maml:para>
			</maml:description>
			<command:parameterValue required="true" variableLength="false">PSObject</command:parameterValue>
			<dev:type>
				<maml:name>PSObject</maml:name>
				<maml:uri/>
			</dev:type>
			<dev:defaultValue>none</dev:defaultValue>
		</command:parameter>
		<command:parameter required="false" variableLength="false" globbing="false" pipelineInput="false" position="1">
			<maml:name>Path</maml:name>
			<maml:description>
				<maml:para>Path to the volume to be formatted.  The parameter is ignored if InputObject is also supplied.</maml:para>
			</maml:description>
			<command:parameterValue required="true" variableLength="false">String</command:parameterValue>
			<dev:type>
				<maml:name>String</maml:name>
				<maml:uri/>
			</dev:type>
			<dev:defaultValue>none</dev:defaultValue>
		</command:parameter>
		<command:parameter required="false" variableLength="false" globbing="false" pipelineInput="false" position="named">
			<maml:name>Filesystem</maml:name>
			<maml:description>
				<maml:para>The file system to format the volume with, must be 'Ntfs'.</maml:para>
			</maml:description>
			<command:parameterValue required="true" variableLength="false">FileSystemType</command:parameterValue>
			<dev:type>
				<maml:name>FileSystemType</maml:name>
				<maml:uri/>
			</dev:type>
			<dev:defaultValue>Ntfs</dev:defaultValue>
		</command:parameter>
		<command:parameter required="false" variableLength="false" globbing="false" pipelineInput="false" position="named">
			<maml:name>Label</maml:name>
			<maml:description>
				<maml:para>The display label for the formatted volume.</maml:para>
			</maml:description>
			<command:parameterValue required="true" variableLength="false">String</command:parameterValue>
			<dev:type>
				<maml:name>String</maml:name>
				<maml:uri/>
			</dev:type>
			<dev:defaultValue>&quot;New Volume&quot;</dev:defaultValue>
		</command:parameter>
		<command:parameter required="false" variableLength="false" globbing="false" pipelineInput="false" position="named">
			<maml:name>WarningAction</maml:name>
			<maml:description>
				<maml:para></maml:para>
			</maml:description>
			<command:parameterValue required="true" variableLength="false">ActionPreference</command:parameterValue>
			<dev:type>
				<maml:name>ActionPreference</maml:name>
				<maml:uri/>
			</dev:type>
			<dev:defaultValue></dev:defaultValue>
		</command:parameter>
		<command:parameter required="false" variableLength="false" globbing="false" pipelineInput="false" position="named">
			<maml:name>WarningVariable</maml:name>
			<maml:description>
				<maml:para></maml:para>
			</maml:description>
			<command:parameterValue required="true" variableLength="false">String</command:parameterValue>
			<dev:type>
				<maml:name>String</maml:name>
				<maml:uri/>
			</dev:type>
			<dev:defaultValue></dev:defaultValue>
		</command:parameter>
	</command:parameters>
	<command:inputTypes>
		<command:inputType>
			<dev:type>
				<maml:name>DiscUtils.VolumeInfo</maml:name>
				<maml:uri/>
				<maml:description>
					<maml:para>Information about a volume to format.</maml:para>
				</maml:description>
			</dev:type>
			<maml:description></maml:description>
		</command:inputType>
	</command:inputTypes>
	<command:returnValues>
		<command:returnValue>
			<dev:type>
				<maml:name>void</maml:name>
				<maml:uri />
				<maml:description>
					<maml:para></maml:para>
				</maml:description>
			</dev:type>
			<maml:description></maml:description>
		</command:returnValue>
	</command:returnValues>
	<command:terminatingErrors>
	</command:terminatingErrors>
	<command:nonTerminatingErrors>
	</command:nonTerminatingErrors>
	<maml:alertSet>
		<maml:title></maml:title>
		<maml:alert>
			<maml:para>Note: The virtual disk must be opened for write access (see the -ReadWrite parameter on New-PSDrive).</maml:para>
		</maml:alert>
	</maml:alertSet>
	<command:examples>
		<command:example>
			<maml:title>
--------------  EXAMPLE 1 --------------			</maml:title>
			<maml:introduction>
				<maml:para>C:\PS&gt;</maml:para>
C:\PS&gt;			</maml:introduction>
  			<dev:code>Format-Volume vdisk:\Volume0 -Filesystem Ntfs -Label &quot;My Files&quot;</dev:code>
  			<dev:remarks>
				<maml:para>Formats the first volume of a virtual disk with the NTFS file system.  The volume is given the label 'My Files'.</maml:para>
				<maml:para></maml:para>
				<maml:para></maml:para>
				<maml:para>
				</maml:para>
				<maml:para></maml:para>
  			</dev:remarks>
			<command:commandLines>
				<command:commandLine>
					<command:commandText>
					</command:commandText>
				</command:commandLine>
			</command:commandLines>
		</command:example>
	</command:examples>
	<maml:relatedLinks>
		<maml:navigationLink>
			<maml:linkText>http://discutils.codeplex.com</maml:linkText>
			<maml:uri/>
		</maml:navigationLink>
	</maml:relatedLinks>
</command:command>
<command:command xmlns:maml="http://schemas.microsoft.com/maml/2004/10" xmlns:command="http://schemas.microsoft.com/maml/dev/command/2004/10" xmlns:dev="http://schemas.microsoft.com/maml/dev/2004/10">
<!--Generated by Help Cmdlet Editor-->
	<command:details>
		<command:name>Initialize-VirtualDisk</command:name>
		<maml:description>
			<maml:para>Initializes a virtual disk by creating a partition table and assigning a serial number.</maml:para>
		</maml:description>
		<maml:copyright>
           <maml:para />
		<!--Add copy right info here.-->
		</maml:copyright>
		<command:verb>Initialize</command:verb>
		<command:noun>VirtualDisk</command:noun>
		<!--Add Dev version info here.-->
		<dev:version />
	</command:details>
	<maml:description>
	<!--This is the Description section-->
		<maml:para>Initializing a virtual disk erases any existing partition structure, so should be done with caution.

Two kinds of partition structure are supported currently - BIOS (also known as MBR) and GPT.</maml:para>
	</maml:description>
	<command:syntax>		<command:syntaxItem>
			<maml:name>Initialize-VirtualDisk</maml:name>
			<command:parameter required = "false" variableLength = "false" globbing = "false" pipelineInput = "true (ByValue)" position = "named" >
				<maml:name>InputObject</maml:name>
				<maml:description>
					<maml:para>An instance of DiscUtils.VirtualDisk, which is the disk to be initialized.  If this parameter is specified, the Path parameter is ignored.</maml:para>
				</maml:description>
			<command:parameterValue required="true" variableLength = "false" >PSObject</command:parameterValue>
			</command:parameter>
			<command:parameter required = "false" variableLength = "false" globbing = "false" pipelineInput = "false" position = "1" >
				<maml:name>Path</maml:name>
				<maml:description>
					<maml:para>Path to the virtual disk to be initialized.  The parameter is ignored if InputObject is also supplied.</maml:para>
				</maml:description>
			<command:parameterValue required="true" variableLength = "false" >String</command:parameterValue>
			</command:parameter>
			<command:parameter required = "false" variableLength = "false" globbing = "false" pipelineInput = "false" position = "named" >
				<maml:name>VolumeManager</maml:name>
				<maml:description>
					<maml:para>The type of partition table to create - either Bios or Gpt.

Bios partition tables are widely recognized and are supported by the widest range of Operating Systems, but is limited in the size of disk that can be supported - but at 2TB is unlikely to be a limiting factor for virtual disk images in practice.

Gpt is a newer type of partition table, supported by modern Operating Systems that supports much larger disks, and also uses GUIDs (rather than a single byte) to differentiate the purpose of different partitions.

Creation of LDM partitions is not supported.</maml:para>
				</maml:description>
			<command:parameterValue required="true" variableLength = "false" >VolumeManagerType</command:parameterValue>
			</command:parameter>
			<command:parameter required = "false" variableLength = "false" globbing = "false" pipelineInput = "false" position = "named" >
				<maml:name>Signature</maml:name>
				<maml:description>
					<maml:para>The unique identifier for this virtual disk.</maml:para>
				</maml:description>
			<command:parameterValue required="true" variableLength = "false" >Int32</command:parameterValue>
			</command:parameter>
			<command:parameter required = "false" variableLength = "false" globbing = "false" pipelineInput = "false" position = "named" >
				<maml:name>WarningAction</maml:name>
				<maml:description>
					<maml:para></maml:para>
				</maml:description>
			<command:parameterValue required="true" variableLength = "false" >ActionPreference</command:parameterValue>
			</command:parameter>
			<command:parameter required = "false" variableLength = "false" globbing = "false" pipelineInput = "false" position = "named" >
				<maml:name>WarningVariable</maml:name>
				<maml:description>
					<maml:para></maml:para>
				</maml:description>
			<command:parameterValue required="true" variableLength = "false" >String</command:parameterValue>
			</command:parameter>
		</command:syntaxItem>
	</command:syntax>
	<command:parameters>
		<command:parameter required="false" variableLength="false" globbing="false" pipelineInput="true (ByValue)" position="named">
			<maml:name>InputObject</maml:name>
			<maml:description>
				<maml:para>An instance of DiscUtils.VirtualDisk, which is the disk to be initialized.  If this parameter is specified, the Path parameter is ignored.</maml:para>
			</maml:description>
			<command:parameterValue required="true" variableLength="false">PSObject</command:parameterValue>
			<dev:type>
				<maml:name>PSObject</maml:name>
				<maml:uri/>
			</dev:type>
			<dev:defaultValue>none</dev:defaultValue>
		</command:parameter>
		<command:parameter required="false" variableLength="false" globbing="false" pipelineInput="false" position="1">
			<maml:name>Path</maml:name>
			<maml:description>
				<maml:para>Path to the virtual disk to be initialized.  The parameter is ignored if InputObject is also supplied.</maml:para>
			</maml:description>
			<command:parameterValue required="true" variableLength="false">String</command:parameterValue>
			<dev:type>
				<maml:name>String</maml:name>
				<maml:uri/>
			</dev:type>
			<dev:defaultValue>none</dev:defaultValue>
		</command:parameter>
		<command:parameter required="false" variableLength="false" globbing="false" pipelineInput="false" position="named">
			<maml:name>VolumeManager</maml:name>
			<maml:description>
				<maml:para>The type of partition table to create - either Bios or Gpt.

Bios partition tables are widely recognized and are supported by the widest range of Operating Systems, but is limited in the size of disk that can be supported - but at 2TB is unlikely to be a limiting factor for virtual disk images in practice.

Gpt is a newer type of partition table, supported by modern Operating Systems that supports much larger disks, and also uses GUIDs (rather than a single byte) to differentiate the purpose of different partitions.

Creation of LDM partitions is not supported.</maml:para>
			</maml:description>
			<command:parameterValue required="true" variableLength="false">VolumeManagerType</command:parameterValue>
			<dev:type>
				<maml:name>VolumeManagerType</maml:name>
				<maml:uri/>
			</dev:type>
			<dev:defaultValue>Bios</dev:defaultValue>
		</command:parameter>
		<command:parameter required="false" variableLength="false" globbing="false" pipelineInput="false" position="named">
			<maml:name>Signature</maml:name>
			<maml:description>
				<maml:para>The unique identifier for this virtual disk.</maml:para>
			</maml:description>
			<command:parameterValue required="true" variableLength="false">Int32</command:parameterValue>
			<dev:type>
				<maml:name>Int32</maml:name>
				<maml:uri/>
			</dev:type>
			<dev:defaultValue>Random</dev:defaultValue>
		</command:parameter>
		<command:parameter required="false" variableLength="false" globbing="false" pipelineInput="false" position="named">
			<maml:name>WarningAction</maml:name>
			<maml:description>
				<maml:para></maml:para>
			</maml:description>
			<command:parameterValue required="true" variableLength="false">ActionPreference</command:parameterValue>
			<dev:type>
				<maml:name>ActionPreference</maml:name>
				<maml:uri/>
			</dev:type>
			<dev:defaultValue></dev:defaultValue>
		</command:parameter>
		<command:parameter required="false" variableLength="false" globbing="false" pipelineInput="false" position="named">
			<maml:name>WarningVariable</maml:name>
			<maml:description>
				<maml:para></maml:para>
			</maml:description>
			<command:parameterValue required="true" variableLength="false">String</command:parameterValue>
			<dev:type>
				<maml:name>String</maml:name>
				<maml:uri/>
			</dev:type>
			<dev:defaultValue></dev:defaultValue>
		</command:parameter>
	</command:parameters>
	<command:inputTypes>
		<command:inputType>
			<dev:type>
				<maml:name>DiscUtils.VirtualDisk</maml:name>
				<maml:uri/>
				<maml:description>
					<maml:para>The disk to initialize.</maml:para>
				</maml:description>
			</dev:type>
			<maml:description></maml:description>
		</command:inputType>
	</command:inputTypes>
	<command:returnValues>
		<command:returnValue>
			<dev:type>
				<maml:name>DiscUtils.VirtualDisk</maml:name>
				<maml:uri />
				<maml:description>
					<maml:para>The initialized virtual disk.</maml:para>
				</maml:description>
			</dev:type>
			<maml:description></maml:description>
		</command:returnValue>
	</command:returnValues>
	<command:terminatingErrors>
	</command:terminatingErrors>
	<command:nonTerminatingErrors>
	</command:nonTerminatingErrors>
	<maml:alertSet>
		<maml:title></maml:title>
		<maml:alert>
			<maml:para>Note: The virtual disk must be opened for write access (see the -ReadWrite parameter on New-PSDrive).</maml:para>
		</maml:alert>
	</maml:alertSet>
	<command:examples>
		<command:example>
			<maml:title>
--------------  EXAMPLE 1 --------------			</maml:title>
			<maml:introduction>
				<maml:para>C:\PS&gt;</maml:para>
C:\PS&gt;			</maml:introduction>
  			<dev:code>Initialize-VirtualDisk vdisk: -VolumeManager Bios -Signature 0x12345678</dev:code>
  			<dev:remarks>
				<maml:para>Initializes a virtual disk with a BIOS (aka MBR) partition table, and the unique identifier 0x12345678.</maml:para>
				<maml:para></maml:para>
				<maml:para></maml:para>
				<maml:para>Output:
  Name                            Capacity      Geometry        BIOSGeometry    Signature  Partitions
  ----                            --------      --------        ------------    ---------  ----------
                                  104761344     (1003/12/17)    (1003/12/17)    12345678   0
				</maml:para>
				<maml:para></maml:para>
  			</dev:remarks>
			<command:commandLines>
				<command:commandLine>
					<command:commandText>
					</command:commandText>
				</command:commandLine>
			</command:commandLines>
		</command:example>
	</command:examples>
	<maml:relatedLinks>
		<maml:navigationLink>
			<maml:linkText>http://discutils.codeplex.com</maml:linkText>
			<maml:uri/>
		</maml:navigationLink>
	</maml:relatedLinks>
</command:command>
<command:command xmlns:maml="http://schemas.microsoft.com/maml/2004/10" xmlns:command="http://schemas.microsoft.com/maml/dev/command/2004/10" xmlns:dev="http://schemas.microsoft.com/maml/dev/2004/10">
<!--Generated by Help Cmdlet Editor-->
	<command:details>
		<command:name>New-VirtualDisk</command:name>
		<maml:description>
			<maml:para>Creates a new virtual disk.</maml:para>
		</maml:description>
		<maml:copyright>
           <maml:para />
		<!--Add copy right info here.-->
		</maml:copyright>
		<command:verb>New</command:verb>
		<command:noun>VirtualDisk</command:noun>
		<!--Add Dev version info here.-->
		<dev:version />
	</command:details>
	<maml:description>
	<!--This is the Description section-->
		<maml:para>The New-VirtualDisk cmdlet creates new virtual disk images.  You can specify the type of disk image to create (VHD, VMDK, etc) and the variant.

This cmdlet does not initialize the contents of the disk, or create a file system on the disk.</maml:para>
	</maml:description>
	<command:syntax>		<command:syntaxItem>
			<maml:name>New-VirtualDisk</maml:name>
			<command:parameter required = "true" variableLength = "false" globbing = "false" pipelineInput = "false" position = "1" >
				<maml:name>Name</maml:name>
				<maml:description>
					<maml:para>This mandatory parameter specifies the name of the file to create.</maml:para>
				</maml:description>
			<command:parameterValue required="true" variableLength = "false" >String</command:parameterValue>
			</command:parameter>
			<command:parameter required = "true" variableLength = "false" globbing = "false" pipelineInput = "false" position = "named" >
				<maml:name>Type</maml:name>
				<maml:description>
					<maml:para>Specifies the type of disk to create, which are described below:

VHD-fixed
---------
Creates a new fixed-size VHD file.  This kind of disk performs better than a dynamic VHD, but at the cost of taking a long time to create, and fully occupying the maximum size of the disk.


VHD-dynamic
-----------
Creates a new dynamically-sized VHD file.  This kind of disk initially occupies very little space, but as it's used, it will grow.


VMDK-fixed
----------
Creates a new fixed-size VMDK file.  The file is a 'Hosted' style disk (i.e. this is the kind of disk used by VMWare Workstation, VMWare Server, etc).  Disks of this kind are not fully interoperable with VMWare ESX.

This kind of disk is known in the VMDK file format as &quot;monolithicFlat&quot;.


VMDK-dynamic
------------
Creates a new dynamically-sized file.  The file is a 'Hosted' style disk (i.e. this is the kind of disk used by VMWare Workstation, VMWare Server, etc).  Disks of this kind are not fully interoperable with VMWare ESX.

Unlike the other VMDK disk types, which occupy multiple files, this kind of disk resides in a single file.

This kind of disk is known in the VMDK file format as &quot;monolithicSparse&quot;.


VMDK-vmfsfixed
--------------
Creates a new fixed-size VMDK file.  The file is an ESX style disk, and is interoperable with VMWare workstation.

This kind of disk is known in the VMDK file format as &quot;vmfs&quot;.  Although called &quot;vmfs&quot;, this is the kind of disk stored by ESX on NFS storage.


VMDK-vmfsdynamic
----------------
Creates a new dynamically-sized VMDK file.  The file is an ESX style disk, and is interoperable with VMWare workstation.

This kind of disk is known in the VMDK file format as &quot;vmfsSparse&quot;.


VDI-fixed
---------
Creates a new fixed size Virtual Box VDI file.


VDI-dynamic
-----------
Creates a new dynamically sized Virtual Box VDI file.


RAW
---
Creates a new RAW disk image file.  These files are always the exact size of the disk created (equivalent to the 'fixed' variants of other disk formats).  Typically these files are created by copying the raw bytes from an existing disk or partition.

A common use for raw disk images are virtual floppy disks, which are a typically a raw disk image directly containing a FAT file system.</maml:para>
				</maml:description>
			<command:parameterValue required="true" variableLength = "false" >String</command:parameterValue>
			</command:parameter>
			<command:parameter required = "true" variableLength = "false" globbing = "false" pipelineInput = "false" position = "named" >
				<maml:name>Size</maml:name>
				<maml:description>
					<maml:para>The size of the disk image to create.  This is the limit on the amount of data that can be stored in the disk.  The size can be specified in bytes (B), kilobytes (KB), megabytes (MB) or gigabytes (GB) using the appropriate suffix.

If a dynamic disk variant is created, the actual amount of storage consumed will be less than the size of the disk.  As the disk is filled, it will consume more storage space.</maml:para>
				</maml:description>
			<command:parameterValue required="true" variableLength = "false" >String</command:parameterValue>
			</command:parameter>
			<command:parameter required = "false" variableLength = "false" globbing = "false" pipelineInput = "false" position = "named" >
				<maml:name>WarningAction</maml:name>
				<maml:description>
					<maml:para></maml:para>
				</maml:description>
			<command:parameterValue required="true" variableLength = "false" >ActionPreference</command:parameterValue>
			</command:parameter>
			<command:parameter required = "false" variableLength = "false" globbing = "false" pipelineInput = "false" position = "named" >
				<maml:name>WarningVariable</maml:name>
				<maml:description>
					<maml:para></maml:para>
				</maml:description>
			<command:parameterValue required="true" variableLength = "false" >String</command:parameterValue>
			</command:parameter>
		</command:syntaxItem>
		<command:syntaxItem>
			<maml:name>New-VirtualDisk</maml:name>
			<command:parameter required = "true" variableLength = "false" globbing = "false" pipelineInput = "false" position = "1" >
				<maml:name>Name</maml:name>
				<maml:description>
					<maml:para>This mandatory parameter specifies the name of the file to create.</maml:para>
				</maml:description>
			<command:parameterValue required="true" variableLength = "false" >String</command:parameterValue>
			</command:parameter>
			<command:parameter required = "true" variableLength = "false" globbing = "false" pipelineInput = "false" position = "named" >
				<maml:name>Differencing</maml:name>
				<maml:description>
					<maml:para>Creates a new differencing disk for an existing virtual disk.  The BaseDisk parameter must also be specified, indicating the location of the existing disk.</maml:para>
				</maml:description>
			</command:parameter>
			<command:parameter required = "true" variableLength = "false" globbing = "false" pipelineInput = "false" position = "named" >
				<maml:name>BaseDisk</maml:name>
				<maml:description>
					<maml:para>When creating a differencing disk, this parameter specifies the location of the pre-existing base disk.</maml:para>
				</maml:description>
			<command:parameterValue required="true" variableLength = "false" >String</command:parameterValue>
			</command:parameter>
			<command:parameter required = "false" variableLength = "false" globbing = "false" pipelineInput = "false" position = "named" >
				<maml:name>WarningAction</maml:name>
				<maml:description>
					<maml:para></maml:para>
				</maml:description>
			<command:parameterValue required="true" variableLength = "false" >ActionPreference</command:parameterValue>
			</command:parameter>
			<command:parameter required = "false" variableLength = "false" globbing = "false" pipelineInput = "false" position = "named" >
				<maml:name>WarningVariable</maml:name>
				<maml:description>
					<maml:para></maml:para>
				</maml:description>
			<command:parameterValue required="true" variableLength = "false" >String</command:parameterValue>
			</command:parameter>
		</command:syntaxItem>
	</command:syntax>
	<command:parameters>
		<command:parameter required="true" variableLength="false" globbing="false" pipelineInput="false" position="1">
			<maml:name>Name</maml:name>
			<maml:description>
				<maml:para>This mandatory parameter specifies the name of the file to create.</maml:para>
			</maml:description>
			<command:parameterValue required="true" variableLength="false">String</command:parameterValue>
			<dev:type>
				<maml:name>String</maml:name>
				<maml:uri/>
			</dev:type>
			<dev:defaultValue></dev:defaultValue>
		</command:parameter>
		<command:parameter required="true" variableLength="false" globbing="false" pipelineInput="false" position="named">
			<maml:name>Type</maml:name>
			<maml:description>
				<maml:para>Specifies the type of disk to create, which are described below:

VHD-fixed
---------
Creates a new fixed-size VHD file.  This kind of disk performs better than a dynamic VHD, but at the cost of taking a long time to create, and fully occupying the maximum size of the disk.


VHD-dynamic
-----------
Creates a new dynamically-sized VHD file.  This kind of disk initially occupies very little space, but as it's used, it will grow.


VMDK-fixed
----------
Creates a new fixed-size VMDK file.  The file is a 'Hosted' style disk (i.e. this is the kind of disk used by VMWare Workstation, VMWare Server, etc).  Disks of this kind are not fully interoperable with VMWare ESX.

This kind of disk is known in the VMDK file format as &quot;monolithicFlat&quot;.


VMDK-dynamic
------------
Creates a new dynamically-sized file.  The file is a 'Hosted' style disk (i.e. this is the kind of disk used by VMWare Workstation, VMWare Server, etc).  Disks of this kind are not fully interoperable with VMWare ESX.

Unlike the other VMDK disk types, which occupy multiple files, this kind of disk resides in a single file.

This kind of disk is known in the VMDK file format as &quot;monolithicSparse&quot;.


VMDK-vmfsfixed
--------------
Creates a new fixed-size VMDK file.  The file is an ESX style disk, and is interoperable with VMWare workstation.

This kind of disk is known in the VMDK file format as &quot;vmfs&quot;.  Although called &quot;vmfs&quot;, this is the kind of disk stored by ESX on NFS storage.


VMDK-vmfsdynamic
----------------
Creates a new dynamically-sized VMDK file.  The file is an ESX style disk, and is interoperable with VMWare workstation.

This kind of disk is known in the VMDK file format as &quot;vmfsSparse&quot;.


VDI-fixed
---------
Creates a new fixed size Virtual Box VDI file.


VDI-dynamic
-----------
Creates a new dynamically sized Virtual Box VDI file.


RAW
---
Creates a new RAW disk image file.  These files are always the exact size of the disk created (equivalent to the 'fixed' variants of other disk formats).  Typically these files are created by copying the raw bytes from an existing disk or partition.

A common use for raw disk images are virtual floppy disks, which are a typically a raw disk image directly containing a FAT file system.</maml:para>
			</maml:description>
			<command:parameterValue required="true" variableLength="false">String</command:parameterValue>
			<dev:type>
				<maml:name>String</maml:name>
				<maml:uri/>
			</dev:type>
			<dev:defaultValue></dev:defaultValue>
		</command:parameter>
		<command:parameter required="true" variableLength="false" globbing="false" pipelineInput="false" position="named">
			<maml:name>Size</maml:name>
			<maml:description>
				<maml:para>The size of the disk image to create.  This is the limit on the amount of data that can be stored in the disk.  The size can be specified in bytes (B), kilobytes (KB), megabytes (MB) or gigabytes (GB) using the appropriate suffix.

If a dynamic disk variant is created, the actual amount of storage consumed will be less than the size of the disk.  As the disk is filled, it will consume more storage space.</maml:para>
			</maml:description>
			<command:parameterValue required="true" variableLength="false">String</command:parameterValue>
			<dev:type>
				<maml:name>String</maml:name>
				<maml:uri/>
			</dev:type>
			<dev:defaultValue></dev:defaultValue>
		</command:parameter>
		<command:parameter required="false" variableLength="false" globbing="false" pipelineInput="false" position="named">
			<maml:name>WarningAction</maml:name>
			<maml:description>
				<maml:para></maml:para>
			</maml:description>
			<command:parameterValue required="true" variableLength="false">ActionPreference</command:parameterValue>
			<dev:type>
				<maml:name>ActionPreference</maml:name>
				<maml:uri/>
			</dev:type>
			<dev:defaultValue></dev:defaultValue>
		</command:parameter>
		<command:parameter required="false" variableLength="false" globbing="false" pipelineInput="false" position="named">
			<maml:name>WarningVariable</maml:name>
			<maml:description>
				<maml:para></maml:para>
			</maml:description>
			<command:parameterValue required="true" variableLength="false">String</command:parameterValue>
			<dev:type>
				<maml:name>String</maml:name>
				<maml:uri/>
			</dev:type>
			<dev:defaultValue></dev:defaultValue>
		</command:parameter>
		<command:parameter required="true" variableLength="false" globbing="false" pipelineInput="false" position="named">
			<maml:name>Differencing</maml:name>
			<maml:description>
				<maml:para>Creates a new differencing disk for an existing virtual disk.  The BaseDisk parameter must also be specified, indicating the location of the existing disk.</maml:para>
			</maml:description>
			<dev:type>
				<maml:name>SwitchParameter</maml:name>
				<maml:uri/>
			</dev:type>
			<dev:defaultValue></dev:defaultValue>
		</command:parameter>
		<command:parameter required="true" variableLength="false" globbing="false" pipelineInput="false" position="named">
			<maml:name>BaseDisk</maml:name>
			<maml:description>
				<maml:para>When creating a differencing disk, this parameter specifies the location of the pre-existing base disk.</maml:para>
			</maml:description>
			<command:parameterValue required="true" variableLength="false">String</command:parameterValue>
			<dev:type>
				<maml:name>String</maml:name>
				<maml:uri/>
			</dev:type>
			<dev:defaultValue></dev:defaultValue>
		</command:parameter>
	</command:parameters>
	<command:inputTypes>
		<command:inputType>
			<dev:type>
				<maml:name>None</maml:name>
				<maml:uri/>
				<maml:description>
					<maml:para></maml:para>
				</maml:description>
			</dev:type>
			<maml:description></maml:description>
		</command:inputType>
	</command:inputTypes>
	<command:returnValues>
		<command:returnValue>
			<dev:type>
				<maml:name>DiscUtils.VirtualDisk</maml:name>
				<maml:uri />
				<maml:description>
					<maml:para></maml:para>
				</maml:description>
			</dev:type>
			<maml:description></maml:description>
		</command:returnValue>
	</command:returnValues>
	<command:terminatingErrors>
	</command:terminatingErrors>
	<command:nonTerminatingErrors>
	</command:nonTerminatingErrors>
	<maml:alertSet>
		<maml:title></maml:title>
		<maml:alert>
			<maml:para></maml:para>
		</maml:alert>
	</maml:alertSet>
	<command:examples>
		<command:example>
			<maml:title>
--------------  EXAMPLE 1 --------------			</maml:title>
			<maml:introduction>
				<maml:para>C:\PS&gt;</maml:para>
C:\PS&gt;			</maml:introduction>
  			<dev:code>New-VirtualDisk newdisk.vhd -Type VHD-dynamic -Size 300GB</dev:code>
  			<dev:remarks>
				<maml:para>This example creates a 300GB dynamic VHD file, called newdisk.vhd</maml:para>
				<maml:para></maml:para>
				<maml:para></maml:para>
				<maml:para>Output:
  Name                            Capacity      Geometry        BIOSGeometry    Signature  Partitions
  ----                            --------      --------        ------------    ---------  ----------
                                  322121809920  (65535/16/255)  (1024/255/63)   00000000   0
				</maml:para>
				<maml:para></maml:para>
  			</dev:remarks>
			<command:commandLines>
				<command:commandLine>
					<command:commandText>
					</command:commandText>
				</command:commandLine>
			</command:commandLines>
		</command:example>
		<command:example>
			<maml:title>
--------------  EXAMPLE 2 --------------			</maml:title>
			<maml:introduction>
				<maml:para>C:\PS&gt;</maml:para>
C:\PS&gt;			</maml:introduction>
  			<dev:code>New-VirtualDisk newdisk.vmdk -Differencing -BaseDisk existingdisk.vmdk</dev:code>
  			<dev:remarks>
				<maml:para>This example creates a new VMDK differencing disk (newdisk.vmdk) in the same folder as the base disk.</maml:para>
				<maml:para></maml:para>
				<maml:para></maml:para>
				<maml:para>
				</maml:para>
				<maml:para></maml:para>
  			</dev:remarks>
			<command:commandLines>
				<command:commandLine>
					<command:commandText>
					</command:commandText>
				</command:commandLine>
			</command:commandLines>
		</command:example>
	</command:examples>
	<maml:relatedLinks>
		<maml:navigationLink>
			<maml:linkText>http://discutils.codeplex.com</maml:linkText>
			<maml:uri/>
		</maml:navigationLink>
	</maml:relatedLinks>
</command:command>
<command:command xmlns:maml="http://schemas.microsoft.com/maml/2004/10" xmlns:command="http://schemas.microsoft.com/maml/dev/command/2004/10" xmlns:dev="http://schemas.microsoft.com/maml/dev/2004/10">
<!--Generated by Help Cmdlet Editor-->
	<command:details>
		<command:name>New-Volume</command:name>
		<maml:description>
			<maml:para>Creates a new volume (aka partition) on a virtual disk.</maml:para>
		</maml:description>
		<maml:copyright>
           <maml:para />
		<!--Add copy right info here.-->
		</maml:copyright>
		<command:verb>New</command:verb>
		<command:noun>Volume</command:noun>
		<!--Add Dev version info here.-->
		<dev:version />
	</command:details>
	<maml:description>
	<!--This is the Description section-->
		<maml:para>By default this cmdlet attempts to create a new partition that occupies the entire disk.  Use the Size parameter to create a smaller partition.</maml:para>
	</maml:description>
	<command:syntax>		<command:syntaxItem>
			<maml:name>New-Volume</maml:name>
			<command:parameter required = "false" variableLength = "false" globbing = "false" pipelineInput = "true (ByValue)" position = "named" >
				<maml:name>InputObject</maml:name>
				<maml:description>
					<maml:para>An instance of DiscUtils.VirtualDisk, which is the disk to create the partition on.  If this parameter is specified, the Path parameter is ignored.</maml:para>
				</maml:description>
			<command:parameterValue required="true" variableLength = "false" >PSObject</command:parameterValue>
			</command:parameter>
			<command:parameter required = "false" variableLength = "false" globbing = "false" pipelineInput = "false" position = "1" >
				<maml:name>Path</maml:name>
				<maml:description>
					<maml:para>Path to the virtual disk to be initialized.  The parameter is ignored if InputObject is also supplied.</maml:para>
				</maml:description>
			<command:parameterValue required="true" variableLength = "false" >String</command:parameterValue>
			</command:parameter>
			<command:parameter required = "false" variableLength = "false" globbing = "false" pipelineInput = "false" position = "named" >
				<maml:name>Size</maml:name>
				<maml:description>
					<maml:para>Specifies the size of the partition to create.  The size can be specified in bytes (B), kilobytes (KB), megabytes (MB) or gigabytes (GB) using the appropriate suffix.

Note the actual partition created may not be the precise size requested, due to alignment rules.</maml:para>
				</maml:description>
			<command:parameterValue required="true" variableLength = "false" >String</command:parameterValue>
			</command:parameter>
			<command:parameter required = "false" variableLength = "false" globbing = "false" pipelineInput = "false" position = "named" >
				<maml:name>Type</maml:name>
				<maml:description>
					<maml:para>The type of partition to create, one of WindowsFat, WindowsNtfs, Linux, LinuxSwap or LinuxLvm.  Other types of partition are not supported.</maml:para>
				</maml:description>
			<command:parameterValue required="true" variableLength = "false" >WellKnownPartitionType</command:parameterValue>
			</command:parameter>
			<command:parameter required = "false" variableLength = "false" globbing = "false" pipelineInput = "false" position = "named" >
				<maml:name>Active</maml:name>
				<maml:description>
					<maml:para>Marks the volume as active, indicating the volume contains a bootloader.</maml:para>
				</maml:description>
			<command:parameterValue required="false" variableLength = "false" >Boolean</command:parameterValue>
			</command:parameter>
			<command:parameter required = "false" variableLength = "false" globbing = "false" pipelineInput = "false" position = "named" >
				<maml:name>WarningAction</maml:name>
				<maml:description>
					<maml:para></maml:para>
				</maml:description>
			<command:parameterValue required="true" variableLength = "false" >ActionPreference</command:parameterValue>
			</command:parameter>
			<command:parameter required = "false" variableLength = "false" globbing = "false" pipelineInput = "false" position = "named" >
				<maml:name>WarningVariable</maml:name>
				<maml:description>
					<maml:para></maml:para>
				</maml:description>
			<command:parameterValue required="true" variableLength = "false" >String</command:parameterValue>
			</command:parameter>
		</command:syntaxItem>
	</command:syntax>
	<command:parameters>
		<command:parameter required="false" variableLength="false" globbing="false" pipelineInput="true (ByValue)" position="named">
			<maml:name>InputObject</maml:name>
			<maml:description>
				<maml:para>An instance of DiscUtils.VirtualDisk, which is the disk to create the partition on.  If this parameter is specified, the Path parameter is ignored.</maml:para>
			</maml:description>
			<command:parameterValue required="true" variableLength="false">PSObject</command:parameterValue>
			<dev:type>
				<maml:name>PSObject</maml:name>
				<maml:uri/>
			</dev:type>
			<dev:defaultValue>none</dev:defaultValue>
		</command:parameter>
		<command:parameter required="false" variableLength="false" globbing="false" pipelineInput="false" position="1">
			<maml:name>Path</maml:name>
			<maml:description>
				<maml:para>Path to the virtual disk to be initialized.  The parameter is ignored if InputObject is also supplied.</maml:para>
			</maml:description>
			<command:parameterValue required="true" variableLength="false">String</command:parameterValue>
			<dev:type>
				<maml:name>String</maml:name>
				<maml:uri/>
			</dev:type>
			<dev:defaultValue>none</dev:defaultValue>
		</command:parameter>
		<command:parameter required="false" variableLength="false" globbing="false" pipelineInput="false" position="named">
			<maml:name>Size</maml:name>
			<maml:description>
				<maml:para>Specifies the size of the partition to create.  The size can be specified in bytes (B), kilobytes (KB), megabytes (MB) or gigabytes (GB) using the appropriate suffix.

Note the actual partition created may not be the precise size requested, due to alignment rules.</maml:para>
			</maml:description>
			<command:parameterValue required="true" variableLength="false">String</command:parameterValue>
			<dev:type>
				<maml:name>String</maml:name>
				<maml:uri/>
			</dev:type>
			<dev:defaultValue>Entire Disk</dev:defaultValue>
		</command:parameter>
		<command:parameter required="false" variableLength="false" globbing="false" pipelineInput="false" position="named">
			<maml:name>Type</maml:name>
			<maml:description>
				<maml:para>The type of partition to create, one of WindowsFat, WindowsNtfs, Linux, LinuxSwap or LinuxLvm.  Other types of partition are not supported.</maml:para>
			</maml:description>
			<command:parameterValue required="true" variableLength="false">WellKnownPartitionType</command:parameterValue>
			<dev:type>
				<maml:name>WellKnownPartitionType</maml:name>
				<maml:uri/>
			</dev:type>
			<dev:defaultValue>WindowsNtfs</dev:defaultValue>
		</command:parameter>
		<command:parameter required="false" variableLength="false" globbing="false" pipelineInput="false" position="named">
			<maml:name>Active</maml:name>
			<maml:description>
				<maml:para>Marks the volume as active, indicating the volume contains a bootloader.</maml:para>
			</maml:description>
			<command:parameterValue required="false" variableLength="false">Boolean</command:parameterValue>
			<dev:type>
				<maml:name>Boolean</maml:name>
				<maml:uri/>
			</dev:type>
			<dev:defaultValue>False</dev:defaultValue>
		</command:parameter>
		<command:parameter required="false" variableLength="false" globbing="false" pipelineInput="false" position="named">
			<maml:name>WarningAction</maml:name>
			<maml:description>
				<maml:para></maml:para>
			</maml:description>
			<command:parameterValue required="true" variableLength="false">ActionPreference</command:parameterValue>
			<dev:type>
				<maml:name>ActionPreference</maml:name>
				<maml:uri/>
			</dev:type>
			<dev:defaultValue></dev:defaultValue>
		</command:parameter>
		<command:parameter required="false" variableLength="false" globbing="false" pipelineInput="false" position="named">
			<maml:name>WarningVariable</maml:name>
			<maml:description>
				<maml:para></maml:para>
			</maml:description>
			<command:parameterValue required="true" variableLength="false">String</command:parameterValue>
			<dev:type>
				<maml:name>String</maml:name>
				<maml:uri/>
			</dev:type>
			<dev:defaultValue></dev:defaultValue>
		</command:parameter>
	</command:parameters>
	<command:inputTypes>
		<command:inputType>
			<dev:type>
				<maml:name>DiscUtils.VirtualDisk</maml:name>
				<maml:uri/>
				<maml:description>
					<maml:para>The disk on which to create the new volume.</maml:para>
				</maml:description>
			</dev:type>
			<maml:description></maml:description>
		</command:inputType>
	</command:inputTypes>
	<command:returnValues>
		<command:returnValue>
			<dev:type>
				<maml:name>DiscUtils.VolumeInfo</maml:name>
				<maml:uri />
				<maml:description>
					<maml:para>Information about the newly created volume.</maml:para>
				</maml:description>
			</dev:type>
			<maml:description></maml:description>
		</command:returnValue>
	</command:returnValues>
	<command:terminatingErrors>
	</command:terminatingErrors>
	<command:nonTerminatingErrors>
	</command:nonTerminatingErrors>
	<maml:alertSet>
		<maml:title></maml:title>
		<maml:alert>
			<maml:para>Note: The virtual disk must be opened for write access (see the -ReadWrite parameter on New-PSDrive).</maml:para>
		</maml:alert>
	</maml:alertSet>
	<command:examples>
		<command:example>
			<maml:title>
--------------  EXAMPLE 1 --------------			</maml:title>
			<maml:introduction>
				<maml:para>C:\PS&gt;</maml:para>
C:\PS&gt;			</maml:introduction>
  			<dev:code>New-Volume vdisk: -Size 10MB -Type WindowsNtfs -Active</dev:code>
  			<dev:remarks>
				<maml:para>Creates a new 10MB NTFS volume on the virtual disk associated with PowerShell drive 'vdisk', marking the partition as active.</maml:para>
				<maml:para></maml:para>
				<maml:para></maml:para>
				<maml:para>Output:
  Name                    Identity                BIOSType                Status                  Length
  ----                    --------                --------                ------                  ------
                          VLP:VPD:DS77B9E2EC:P... 7                       Healthy                 10436096
				</maml:para>
				<maml:para></maml:para>
  			</dev:remarks>
			<command:commandLines>
				<command:commandLine>
					<command:commandText>
					</command:commandText>
				</command:commandLine>
			</command:commandLines>
		</command:example>
	</command:examples>
	<maml:relatedLinks>
		<maml:navigationLink>
			<maml:linkText>http://discutils.codeplex.com</maml:linkText>
			<maml:uri/>
		</maml:navigationLink>
	</maml:relatedLinks>
</command:command>
</helpItems>
