﻿<Dictionary>
  <Words>
    <Unrecognized>
      <Word></Word>
    </Unrecognized>
    <Recognized>
      <Word>Utils</Word>
      <Word>Dmg</Word>
      <Word>Hfs</Word>
      <Word>Iso</Word>
      <Word>Sdi</Word>
      <Word>Fs</Word>
      <Word>Udf</Word>
      <Word>Vdi</Word>
      <Word>Vhd</Word>
      <Word>Vmdk</Word>
      <Word>Wim</Word>
      <Word>Xva</Word>
      <Word>Iscsi</Word>
      <Word>Nfs</Word>
      <Word>Vfs</Word>
      <Word>Vhdx</Word>
      <Word>Os</Word>
      <Word>Nt</Word>
      <Word>Bcd</Word>
      <Word>Ntldr</Word>
      <Word>Efi</Word>
      <Word>Pcat</Word>
      <Word>Ramdisk</Word>
      <Word>Lba</Word>
      <Word>Lvm</Word>
      <Word>Gpt</Word>
      <Word>Ki</Word>
      <Word>BTree</Word>
      <Word>Isolinux</Word>
      <Word>Chs</Word>
      <Word>Infos</Word>
      <Word>Uuid</Word>
      <Word>Scsi</Word>
      <Word>Lsi</Word>
      <Word>Esx</Word>
      <Word>Vmfs</Word>
      <Word>Passthrough</Word>
      <Word>Oem</Word>
      <Word>chs</Word>
      <Word>Ldm</Word>
      <Word>Lun</Word>
      <Word>Posix</Word>
      <Word>Dword</Word>
      <Word>Multi</Word>
      <Word>Sym</Word>
      <Word>Aca</Word>
      <Word>Luns</Word>
      <Word>Inode</Word>
      <Word>Fifo</Word>
      <Word>Symlink</Word>
      <Word>Usb</Word>
      <Word>Fve</Word>
      <Word>Mgr</Word>
      <Word>Nx</Word>
      <Word>Pae</Word>
      <Word>Vga</Word>
      <Word>Vesa</Word>
      <Word>Apic</Word>
      <Word>Pci</Word>
      <Word>Msi</Word>
      <Word>Diag</Word>
      <Word>Zlib</Word>
      <Word>Tftp</Word>
      <Word>Pxe</Word>
      <Word>Bpb</Word>
      <Word>Mem</Word>
      <Word>Startup</Word>
      <Word>Prerelease</Word>
      <Word></Word>
      <Word></Word>
      <Word></Word>
    </Recognized>
    <Deprecated>
      <Term PreferredAlternate=""></Term>
    </Deprecated>
    <Compound>
      <Term CompoundAlternate=""></Term>
    </Compound>
    <DiscreteExceptions>
      <Term></Term>
    </DiscreteExceptions>
  </Words>
  <Acronyms>
    <CasingExceptions>
      <Acronym></Acronym>
    </CasingExceptions>
  </Acronyms>
</Dictionary>
