            <value>
              <struct>
                <member>
                  <name>class</name>
                  <value>VBD</value>
                </member>
                <member>
                  <name>id</name>
                  <value>{0}</value>
                </member>
                <member>
                  <name>snapshot</name>
                  <value>
                    <struct>
                      <member>
                        <name>uuid</name>
                        <value>{1}</value>
                      </member>
                      <member>
                        <name>allowed_operations</name>
                        <value>
                          <array>
                            <data>
                              <value>pause</value>
                              <value>unpause</value>
                              <value>attach</value>
                            </data>
                          </array>
                        </value>
                      </member>
                      <member>
                        <name>current_operations</name>
                        <value>
                          <struct/>
                        </value>
                      </member>
                      <member>
                        <name>VM</name>
                        <value>{2}</value>
                      </member>
                      <member>
                        <name>VDI</name>
                        <value>{3}</value>
                      </member>
                      <member>
                        <name>device</name>
                        <value/>
                      </member>
                      <member>
                        <name>userdevice</name>
                        <value>{4}</value>
                      </member>
                      <member>
                        <name>bootable</name>
                        <value>
                          <boolean>1</boolean>
                        </value>
                      </member>
                      <member>
                        <name>mode</name>
                        <value>RW</value>
                      </member>
                      <member>
                        <name>type</name>
                        <value>Disk</value>
                      </member>
                      <member>
                        <name>unpluggable</name>
                        <value>
                          <boolean>1</boolean>
                        </value>
                      </member>
                      <member>
                        <name>storage_lock</name>
                        <value>
                          <boolean>0</boolean>
                        </value>
                      </member>
                      <member>
                        <name>empty</name>
                        <value>
                          <boolean>0</boolean>
                        </value>
                      </member>
                      <member>
                        <name>other_config</name>
                        <value>
                          <struct/>
                        </value>
                      </member>
                      <member>
                        <name>currently_attached</name>
                        <value>
                          <boolean>0</boolean>
                        </value>
                      </member>
                      <member>
                        <name>status_code</name>
                        <value>0</value>
                      </member>
                      <member>
                        <name>status_detail</name>
                        <value/>
                      </member>
                      <member>
                        <name>runtime_properties</name>
                        <value>
                          <struct/>
                        </value>
                      </member>
                      <member>
                        <name>qos_algorithm_type</name>
                        <value/>
                      </member>
                      <member>
                        <name>qos_algorithm_params</name>
                        <value>
                          <struct/>
                        </value>
                      </member>
                      <member>
                        <name>qos_supported_algorithms</name>
                        <value>
                          <array>
                            <data/>
                          </array>
                        </value>
                      </member>
                      <member>
                        <name>metrics</name>
                        <value>OpaqueRef:NULL</value>
                      </member>
                    </struct>
                  </value>
                </member>
              </struct>
            </value>
