            <value>
              <struct>
                <member>
                  <name>class</name>
                  <value>SR</value>
                </member>
                <member>
                  <name>id</name>
                  <value>{0}</value>
                </member>
                <member>
                  <name>snapshot</name>
                  <value>
                    <struct>
                      <member>
                        <name>uuid</name>
                        <value>{1}</value>
                      </member>
                      <member>
                        <name>name_label</name>
                        <value>{2}</value>
                      </member>
                      <member>
                        <name>name_description</name>
                        <value/>
                      </member>
                      <member>
                        <name>allowed_operations</name>
                        <value>
                          <array>
                            <data>
                              <value>forget</value>
                              <value>vdi_create</value>
                              <value>vdi_snapshot</value>
                              <value>plug</value>
                              <value>destroy</value>
                              <value>vdi_destroy</value>
                              <value>scan</value>
                              <value>vdi_clone</value>
                              <value>unplug</value>
                            </data>
                          </array>
                        </value>
                      </member>
                      <member>
                        <name>current_operations</name>
                        <value>
                          <struct/>
                        </value>
                      </member>
                      <member>
                        <name>VDIs</name>
                        <value>
                          <array>
                            <data>
{3}                            </data>
                          </array>
                        </value>
                      </member>
                      <member>
                        <name>PBDs</name>
                        <value>
                          <array>
                            <data/>
                          </array>
                        </value>
                      </member>
                      <member>
                        <name>virtual_allocation</name>
                        <value>111929556992</value>
                      </member>
                      <member>
                        <name>physical_utilisation</name>
                        <value>29303386112</value>
                      </member>
                      <member>
                        <name>physical_size</name>
                        <value>237981646848</value>
                      </member>
                      <member>
                        <name>type</name>
                        <value>ext</value>
                      </member>
                      <member>
                        <name>content_type</name>
                        <value>user</value>
                      </member>
                      <member>
                        <name>shared</name>
                        <value>
                          <boolean>0</boolean>
                        </value>
                      </member>
                      <member>
                        <name>other_config</name>
                        <value>
                          <struct/>
                        </value>
                      </member>
                      <member>
                        <name>tags</name>
                        <value>
                          <array>
                            <data/>
                          </array>
                        </value>
                      </member>
                      <member>
                        <name>sm_config</name>
                        <value>
                          <struct>
                            <member>
                              <name>devserial</name>
                              <value>scsi-SATA_ST3250820AS_9QE5DQ7M</value>
                            </member>
                          </struct>
                        </value>
                      </member>
                      <member>
                        <name>blobs</name>
                        <value>
                          <struct/>
                        </value>
                      </member>
                    </struct>
                  </value>
                </member>
              </struct>
            </value>
